workload,task_id,TI_NNLS,TI_GM,SI_NNLS,SI_GM
w0,0,0.3411388236036288,0.0,0.9320111753550425,0.9909919028340081
w0,13,0.43980799732197573,0.0,0.7182799941152241,0.8733974358974359
w0,21,0.2929021643977495,0.0,1.0,1.0
w0,23,0.0946243236094586,0.0,0.44979450555283046,0.3695090439276486
w0,22,0.42448019348830857,0.0,1.0,1.0
w0,24,0.0,,1.0,
w0,25,0.43962947733420343,0.0,1.0,1.0
w0,26,0.5755067222819878,0.0,1.0,1.0
w0,27,0.3857925089081621,0.0,1.0,1.0
w0,28,0.5824276558542878,0.0,1.0,1.0
w0,41,0.16528346169957508,0.0,0.6393728894323829,0.6882223806129723
w0,29,0.6661007783176407,0.0,1.0,1.0
w0,31,0.43940237798631465,,1.0,
w0,32,0.11453862234927781,0.0,1.0,1.0
w0,1,0.24442733604894673,0.0,1.0,1.0
w0,33,0.3894363339098844,0.0,1.0,1.0
w0,34,0.30649818266907625,0.0,1.0,1.0
w0,2,0.0015969829429278715,0.0,1.0,1.0
w0,4,0.04233944958998859,,1.0,
w0,35,0.0,0.0,1.0,1.0
w0,36,0.44367540767174785,0.0,1.0,1.0
w0,38,0.44180405636396336,0.0,1.0,1.0
w0,39,0.23699789201388488,,1.0,
w0,42,0.29052844301921144,0.0,1.0,1.0
w0,43,0.39477446746944755,0.0,1.0,1.0
w0,5,0.39761904144321314,0.0,1.0,1.0
w0,6,0.41834909432161893,,1.0,
w0,9,0.3896514813984614,0.0,1.0,1.0
w0,10,0.3903245082654603,0.0,1.0,1.0
w0,11,0.47069288275787713,,1.0,
w0,44,0.40143679027715895,0.0,0.7480250940676691,0.6351836764824467
w0,12,0.34438006792062315,0.0,1.0,1.0
w0,15,0.0,,1.0,
w0,16,0.46792691765083694,,1.0,
w0,17,0.28346567041186665,,1.0,
w0,18,0.35248155215976673,0.0,1.0,1.0
w0,19,0.0,,1.0,
w0,45,0.32846866598464464,0.0,1.0,1.0
w0,20,0.12360348538676247,0.0,1.0,1.0
w0,46,0.31205196753021325,0.0,1.0,1.0
w0,47,0.1327253618940868,0.0,1.0,1.0
w0,48,0.20795455111626338,0.0,1.0,1.0
w0,49,0.0741372073501897,0.0,1.0,1.0
w1,2,0.0,0.0,0.42801639122201063,0.3418803418803419
w1,3,0.22981207511215596,0.0,0.7305727425731915,0.7322033898305085
w1,7,0.0,0.0,0.4288757383717963,0.3418803418803419
w1,9,0.5189992495894723,0.0,1.0,1.0
w1,12,0.5,,1.0,
w1,13,0.0,0.0,0.4249225110778069,0.3311965811965812
w1,15,0.0,0.0,0.4169709764670344,0.33547008547008544
w1,20,0.22182236363658003,0.0,0.733754680884369,0.4694892473118279
w1,27,0.07940201871208585,0.0,1.0,1.0
w1,29,0.0,0.0,0.6133796352251945,0.7224024909865618
w1,34,0.0,,0.7863060604060053,
w1,36,0.0,0.0,0.6989339915827831,0.5838235294117646
w1,37,0.5,,1.0,
w1,40,0.0,0.0,0.4245366101750648,0.4419328912999799
w1,48,0.0,0.0,0.4479754219487112,0.468562204321698
w1,49,0.0,0.0,0.5151151924973626,1.0
w1,39,0.08755530832687997,0.0,0.9166666666666666,0.9565868263473053
w1,41,0.03798609677197329,0.0,1.0,1.0
w1,43,0.03412871227242509,0.0,1.0,1.0
w1,16,0.014835681674417844,0.0,1.0,1.0
w1,30,0.0001663339986692769,0.0,1.0,1.0
w1,42,0.009495737207755095,0.0,0.6785714285714285,0.6769102990033222
w1,0,0.0,0.0,1.0,1.0
w1,17,0.009191875049089693,0.0,1.0,1.0
w1,18,0.0,0.0,1.0,1.0
w1,22,0.00022166805209189455,0.0,1.0,1.0
w1,25,0.0,0.0,0.5694949150918538,0.7543052003410061
w1,26,0.00011880999904945178,0.0,1.0,1.0
w1,44,0.00011528098917668039,0.0,1.0,1.0
w1,5,3.780318151558326e-05,0.0,1.0,1.0
w1,24,0.6461972046221178,0.0,0.8325130446016689,0.5519730038892702
w1,31,0.28758864570468345,0.0,1.0,1.0
w1,32,0.24418367085294235,,1.0,
w1,11,0.5555555555532755,0.0,1.0,1.0
w1,33,0.0577662416451149,0.0,1.0,1.0
w1,45,0.0,,1.0,
w1,1,0.28701538323762577,0.0,1.0,1.0
w1,8,0.5,,1.0,
w1,10,0.3138179010434534,0.0,1.0,1.0
w1,14,0.5,,1.0,
w1,19,0.008888888888888835,0.0,1.0,1.0
w1,21,0.35677813007791614,0.0,1.0,1.0
w1,23,0.0,,1.0,
w1,28,0.4668027755256473,,1.0,
w1,35,0.0,,1.0,
w1,38,0.0,,1.0,
w1,46,0.0,,1.0,
w1,47,0.4444444444444444,,1.0,
w1,4,6.160518469244813e-05,0.0,1.0,1.0
w1,6,0.00030692499520434957,0.0,1.0,1.0
w2,5,0.0765485155761465,0.0,0.19926119144952453,0.20952380952380953
w2,10,0.05088313051956561,0.0,0.50625,0.5044642857142857
w2,15,2.0040240803487208e-05,0.0,1.0,1.0
w2,27,0.5236749312644442,0.0,1.0,1.0
w2,32,0.04545454545453664,0.0,0.19436279702511164,0.18876327509421034
w2,38,0.2934293902327878,0.0,0.33064967909089005,0.26815786760599275
w2,41,0.5103143005147432,0.0,0.3673430135209179,0.20154677059656906
w2,43,0.0,0.0,0.5090226764611944,0.5100806451612904
w2,4,0.13090081869829862,0.0,1.0,1.0
w2,9,0.00011528098917668039,0.0,1.0,1.0
w2,1,0.5310410654115312,0.0,0.684004238760206,0.7104221635883905
w2,7,0.5714285714285714,0.0,1.0,1.0
w2,12,0.1381299149273899,0.0,1.0,1.0
w2,18,0.3052279341379789,0.0,1.0,1.0
w2,22,0.0,0.0,0.7650995615056251,0.4230888542049625
w2,24,0.5207946414333299,0.0,0.4954789230040803,0.6399735662999693
w2,28,0.0,,1.0,
w2,29,0.0,0.0,0.2135223555070881,0.4320031022645446
w2,31,0.596356590465826,,1.0,
w2,34,0.0,,1.0,
w2,39,0.26526658191120944,,1.0,
w2,46,0.0,0.0,0.33333333333333404,1.0
w2,19,4.0569267970802514e-05,0.0,0.9999999999999988,1.0
w2,20,0.34524258300211397,0.0,1.0,1.0
w2,16,0.18474835310130866,0.0,1.0,1.0
w2,0,0.0,0.0,0.8749999999999999,0.875
w2,35,0.026666666666666616,0.0,1.0,1.0
w2,42,5.7356551265264066e-05,0.0,1.0,1.0
w2,47,5.551115123125783e-16,0.0,1.0,1.0
w2,11,0.019761790048802186,0.0,1.0,1.0
w2,17,0.0,0.0,0.5758643638896819,1.0
w2,30,0.4632197816438882,0.0,1.0,1.0
w2,40,5.73565512659302e-05,0.0,1.0,1.0
w2,13,0.26489983093747993,0.0,0.9506491109290842,0.7998381877022657
w2,14,0.3395426137093246,0.0,1.0,1.0
w2,33,0.05913388725197466,0.0,1.0,1.0
w2,44,0.0,0.0,1.0,1.0
w2,45,0.48988618658258043,,1.0,
w2,2,0.3349779204229304,0.0,1.0,1.0
w2,3,0.17569173753293033,0.0,1.0,1.0
w2,6,0.3202072327046338,0.0,1.0,1.0
w2,8,-2.220446049250313e-16,,1.0,
w2,21,0.0,,1.0,
w2,23,0.6173071611497936,,1.0,
w2,25,0.5673157256617006,,1.0,
w2,26,0.0,,1.0,
w2,36,0.004057826376232976,0.0,1.0,1.0
w2,48,0.7271531822729571,0.0,1.0,1.0
w2,49,0.4772842053998897,0.0,1.0,1.0
w2,37,0.026789746506253986,0.0,1.0,1.0
w3,0,0.0,0.0,0.18519097045171345,0.1925925925925926
w3,5,0.0,0.0,0.34210526315789475,0.34210526315789475
w3,6,0.025461896719381705,0.0,0.3124524215776349,0.3117408906882591
w3,8,0.10675691723073266,0.0,0.29630340104155567,0.29193899782135074
w3,10,0.0,0.0,0.3416787047163523,0.48828828828828835
w3,13,0.0,0.0,0.26900584795321636,0.26900584795321636
w3,15,0.04166666666666674,0.0,0.29629629629629634,0.29477484842291707
w3,17,0.00666666666666671,0.0,1.0,1.0
w3,34,1.8689213333589194e-05,0.0,1.0,1.0
w3,49,8.312551953526537e-05,0.0,0.9375,0.9375
w3,9,9.784352862907131e-05,0.0,1.0,1.0
w3,24,0.4999999999973417,0.0,0.5115123568214139,0.45757871273335193
w3,29,0.006807853220113458,0.0,1.0,1.0
w3,18,0.3814014799797576,0.0,1.0,1.0
w3,28,0.33214820510069454,0.0,1.0,1.0
w3,31,0.3907833376298876,0.0,0.654616580666125,0.47995508734021775
w3,42,0.018328710544279425,0.0,0.6428571428571428,0.6455026455026455
w3,11,1.1102230246251565e-16,0.0,0.25679281639748675,0.4260162601626016
w3,25,0.0,0.0,0.2921957523678197,0.30274074074074075
w3,26,0.0,0.0,0.5334821428571428,0.5334821428571429
w3,27,0.0,0.0,0.2679905953397332,0.32474137931034486
w3,35,0.0,0.0,0.2842102212774374,0.2573787878787879
w3,36,0.12730675013609127,0.0,1.0,1.0
w3,37,0.0,0.0,0.5333333333333334,0.5333333333333333
w3,22,0.05489583447140178,0.0,1.0,1.0
w3,32,0.4999999999999991,0.0,1.0,1.0
w3,38,0.18623586989429874,0.0,1.0,1.0
w3,45,0.7368421052631579,0.0,1.0,1.0
w3,46,0.5714285714285714,,1.0,
w3,12,0.0022658802245695275,0.0,1.0,1.0
w3,41,0.04927707715881435,0.0,1.0,1.0
w3,43,0.0,0.0,0.9999999999999996,1.0
w3,16,6.661338147750939e-16,0.0,1.0,1.0
w3,3,0.38826289955511994,0.0,1.0,1.0
w3,14,0.0,,0.5,
w3,30,0.02908460192448059,0.0,1.0,1.0
w3,39,0.17459651144405186,0.0,1.0,1.0
w3,40,0.5075386850715005,0.0,1.0,1.0
w3,1,0.5033231627945408,0.0,1.0,1.0
w3,2,0.0,,1.0,
w3,4,0.21509109401052962,,1.0,
w3,7,0.4789230430506455,0.0,1.0,1.0
w3,19,0.0,,1.0,
w3,20,0.4335221279065703,,1.0,
w3,21,0.0022222222222222365,0.0,1.0,1.0
w3,23,0.0,,1.0,
w3,33,0.5714285714285714,,1.0,
w3,47,3.138377333422593e-05,0.0,1.0,1.0
w4,0,0.0,0.0,0.5360893942983495,0.5357142857142857
w4,2,0.0018839133327547275,0.0,0.5104166666666666,0.5108892921960073
w4,5,0.016666666666666607,0.0,0.5681818181818181,0.5672348484848485
w4,7,0.0,0.0,0.5681818181818182,0.5681818181818182
w4,10,0.0,0.0,0.5681818181818182,0.5681818181818182
w4,21,0.0,0.0,0.5007588149439299,0.5256410256410257
w4,29,0.00030692499520867944,0.0,0.5681818181818182,0.5681818181818182
w4,32,0.0,0.0,1.0,1.0
w4,36,0.0,0.0,0.40767089616810304,0.5
w4,38,0.0,0.0,0.5681818181818179,0.5681818181818182
w4,46,0.002407222591853442,0.0,1.0,1.0
w4,47,0.12070101796725063,0.0,0.4149150261069233,0.5183979263223287
w4,4,0.00011880999904945178,0.0,1.0,1.0
w4,17,0.0,0.0,0.8333333333333334,0.8333333333333334
w4,37,0.05990531870479299,0.0,0.8181818181818181,0.8384433962264152
w4,40,0.08575876817793027,0.0,0.6399999999999998,0.6670807453416149
w4,49,0.14952784198140034,0.0,0.8958898584349936,0.914800151723484
w4,8,0.004367701378851452,0.0,1.0,1.0
w4,13,0.2740581324619119,0.0,1.0,1.0
w4,28,0.4126615677457651,0.0,0.5323048308984161,0.3695921723862072
w4,30,0.0,0.0,0.9999999999999991,1.0
w4,33,0.0,0.0,0.9583333333333336,0.9583333333333334
w4,34,0.0,0.0,0.7773335260322934,1.0
w4,9,0.0,0.0,0.38550887197781514,0.6382978723404256
w4,14,0.0,0.0,0.37805791498772895,0.6419354838709677
w4,19,0.0003069249952041275,0.0,1.0,1.0
w4,23,0.0034591880664442964,0.0,1.0,1.0
w4,26,0.31407091058201975,0.0,0.9546480114989749,0.9008653122648608
w4,39,0.45154297484105,0.0,1.0,1.0
w4,41,0.1306362164298569,0.0,1.0,1.0
w4,42,0.1595804249501731,,1.0,
w4,43,0.4545454545454545,0.0,0.5371782200239118,0.7432588345631824
w4,24,0.0,0.0,1.0,1.0
w4,44,0.47425938461992534,0.0,1.0,1.0
w4,3,0.00022166805209200557,0.0,1.0,1.0
w4,15,1.8689213334033283e-05,0.0,1.0,1.0
w4,16,0.6875,0.0,1.0,1.0
w4,22,0.0,,0.8846598111898526,
w4,35,0.0,0.0,1.0,1.0
w4,45,0.1590934212941465,0.0,1.0,1.0
w4,1,0.593925857217982,0.0,1.0,1.0
w4,6,0.6912945066995444,,1.0,
w4,11,0.0,,1.0,
w4,12,0.25663242311304957,0.0,1.0,1.0
w4,18,0.6251659793195952,,1.0,
w4,25,0.0,,1.0,
w4,27,0.0,,1.0,
w4,31,0.592575030551609,,1.0,
w4,20,0.2920669743568406,0.0,1.0,1.0
w4,48,0.008333333333336412,0.0,1.0,1.0
w5,7,0.5,0.0,0.3105359551282163,0.338327721661055
w5,34,0.0030893497557730187,0.0,1.0,1.0
w5,37,9.784352862907131e-05,0.0,1.0,1.0
w5,39,0.49448158914503915,0.0,0.7204809774561005,0.8642857142857142
w5,0,7.231912985627975e-05,0.0,0.4814814814814815,0.48148148148148145
w5,10,0.004493988214048117,0.0,1.0,1.0
w5,35,0.0,0.0,0.4419642857142857,0.4419642857142857
w5,41,0.0,0.0,0.5044642857142857,0.5044642857142857
w5,48,0.0444444444444444,0.0,0.5401785714285714,0.5389880952380952
w5,6,0.6163160441991017,0.0,0.45957522868413364,0.4470523782924419
w5,20,1.1102230246251565e-16,0.0,0.5372670807453416,0.5372670807453416
w5,21,2.8192203164301155e-05,0.0,1.0,1.0
w5,27,2.0040240803487208e-05,0.0,1.0,1.0
w5,1,0.016299817946524575,0.0,1.0,1.0
w5,11,0.5,0.0,0.5425794742706163,0.5943317004898531
w5,17,0.01970178417112134,0.0,1.0,1.0
w5,22,0.0,0.0,0.3394092838636744,0.6862045778176257
w5,28,0.6928666257584533,0.0,0.34841792583538345,0.7693036795229342
w5,30,0.22407228240124855,0.0,1.0,1.0
w5,44,0.5563292817103956,,1.0,
w5,45,0.15582075319720767,,1.0,
w5,47,0.052096013365341864,0.0,0.609872349643099,0.7890577332259475
w5,8,0.11009639540025562,0.0,1.0,1.0
w5,19,0.0,0.0,0.5046227934934483,0.546712802768166
w5,38,0.4545454545454546,0.0,0.655779119099293,1.0
w5,42,2.004024080359823e-05,0.0,1.0,1.0
w5,9,0.3952197781292226,0.0,1.0,1.0
w5,16,0.00015121272606299918,0.0,1.0,1.0
w5,23,0.0,0.0,1.0,1.0
w5,24,0.2045675468497633,0.0,1.0,1.0
w5,31,0.02161213657102601,0.0,1.0,1.0
w5,14,0.0,0.0,1.0,1.0
w5,18,0.20330560157915512,0.0,1.0,1.0
w5,25,0.00015121272606299918,0.0,1.0,1.0
w5,40,0.0,0.0,1.0,1.0
w5,43,0.07830988561300845,0.0,1.0,1.0
w5,2,0.0,0.0,1.0,1.0
w5,3,-2.220446049250313e-16,,1.0,
w5,4,0.47897231610518587,0.0,1.0,1.0
w5,5,0.583410341376945,0.0,1.0,1.0
w5,12,0.32946017092989854,,1.0,
w5,13,0.30365375940664496,,1.0,
w5,15,0.0,,1.0,
w5,29,0.49110995432676297,,1.0,
w5,33,0.6777072399172284,,1.0,
w5,36,0.03701285952684785,0.0,1.0,1.0
w5,49,0.6055228494996128,,1.0,
w5,26,0.0001108893324461846,0.0,1.0,1.0
w5,46,2.0040240804375387e-05,0.0,1.0,1.0
w6,8,1.1102230246251565e-16,0.0,0.39300411522633744,0.39300411522633744
w6,10,0.0,0.0,0.7857142857142856,0.7857142857142857
w6,11,0.0,0.0,0.5599999999999999,0.5599999999999999
w6,13,3.539021248288865e-05,0.0,0.8125,0.8125
w6,14,0.0,0.0,0.3873873873873873,0.3873873873873874
w6,19,0.5714285714285714,0.0,0.5632764886591739,1.0
w6,22,0.0,0.0,0.41428571428571426,0.4142857142857143
w6,24,0.2566273809324664,0.0,0.37212952706313807,0.4035087719298246
w6,27,9.784352862929335e-05,0.0,0.37500000000000017,0.375
w6,28,0.0,0.0,0.5599999999999999,0.5599999999999999
w6,35,0.0,0.0,0.3641975308641975,0.36419753086419754
w6,37,0.0,0.0,0.4207736499859138,0.8333333333333334
w6,38,3.3306690738754696e-16,0.0,0.6000000000000001,0.6
w6,39,0.0052631578947368585,0.0,0.38421052631578956,0.3857142857142858
w6,43,0.25684559009884056,0.0,0.6448184083584302,0.912820512820513
w6,0,0.0,0.0,0.9995847176079735,1.0
w6,16,0.2464916161660139,0.0,0.8498835662009316,0.7064606741573033
w6,29,0.0,0.0,0.35294117647058826,0.35294117647058826
w6,47,0.026785714285714413,0.0,0.47767857142857145,0.48337155963302747
w6,12,0.013865999193300449,0.0,1.0,1.0
w6,48,0.5836962580500809,0.0,0.849751466301277,1.0
w6,1,0.0,0.0,1.0,1.0
w6,4,0.0,0.0,0.7000000000000001,0.7
w6,30,0.6763964872608894,0.0,0.75,0.5549679487179487
w6,32,5.7356551265264066e-05,0.0,0.5681818181818183,0.5681818181818182
w6,36,0.0,0.0,1.0,1.0
w6,44,0.0,,0.5,
w6,45,0.0,0.0,0.5333333333333334,0.5333333333333333
w6,3,0.0,0.0,0.34551500659163387,0.37777777777777777
w6,7,0.15303441129560758,0.0,0.9745633779801196,0.8515465182881924
w6,15,0.0,0.0,0.5830529432977566,0.6442307692307693
w6,23,0.0,0.0,0.3355018227175932,1.0
w6,33,0.2176475863498023,0.0,0.9836935545518619,1.0
w6,41,4.056926796813798e-05,0.0,0.631578947368421,0.631578947368421
w6,17,0.0,0.0,0.5018579417085687,1.0
w6,20,0.0,,1.0,
w6,40,0.0,0.0,0.5829981890150704,0.5208333333333334
w6,46,0.0,,1.0,
w6,2,0.0,0.0,1.0,1.0
w6,5,0.18823360658632493,0.0,1.0,1.0
w6,6,0.5090714623448565,0.0,1.0,1.0
w6,9,0.0,,1.0,
w6,18,0.5,,1.0,
w6,25,0.0,,1.0,
w6,26,0.0,,1.0,
w6,31,0.0,,1.0,
w6,34,0.0,,1.0,
w6,42,0.39194628020108724,,1.0,
w6,49,0.0,,1.0,
w7,1,0.0,0.0,0.26641072978118807,0.5384615384615384
w7,3,0.0,0.0,0.49738965007304736,0.5453453453453453
w7,4,0.0,0.0,0.315030483104654,0.48846153846153845
w7,9,1.1102230246251565e-16,0.0,0.526075539873967,0.5037037037037037
w7,10,0.0,0.0,0.4722222222222222,0.4722222222222222
w7,12,1.1102230246251565e-16,0.0,0.47222222222222143,0.4722222222222222
w7,15,0.10675691723073266,0.0,0.5528493580862658,0.537842190016103
w7,20,0.0555555555555558,0.0,0.5555555555555558,0.5480225988700566
w7,24,0.0,0.0,0.5679012345679012,0.5679012345679012
w7,27,0.2759300329396457,0.0,0.7281522240756593,0.5280675940788301
w7,32,0.0,0.0,0.27388784221700674,0.6285714285714286
w7,33,0.0,0.0,0.5735851362914072,0.5740740740740741
w7,34,0.0,0.0,0.5509673852957434,0.55
w7,37,0.35975261611778175,0.0,0.5191709673601526,0.48311224489795923
w7,41,0.0,0.0,0.6072722707741528,0.5653423120089787
w7,42,0.0,0.0,0.7999999999999998,0.8
w7,44,0.02777777777777779,0.0,0.5625000000000001,0.5611111111111111
w7,46,0.0,0.0,0.5694444444444443,0.5694444444444444
w7,49,0.0,0.0,0.3309265658372876,0.4830265707512792
w7,0,0.0003069249952044606,0.0,0.6000000000000001,0.6
w7,23,0.4443514055490172,0.0,0.8585982625884799,0.8191489361702127
w7,25,0.021157632235201507,0.0,0.6000000000000001,0.6016548463356974
w7,39,0.20819055884122917,0.0,0.7390657412968081,0.729094733914011
w7,14,0.006007365114731655,0.0,0.8749999999999998,0.8771929824561403
w7,18,0.0,0.0,0.8333333333333334,0.8333333333333334
w7,21,0.0,0.0,1.0,1.0
w7,26,0.0,0.0,1.0,1.0
w7,30,0.0,0.0,0.5667521564329212,0.7371794871794872
w7,31,0.2870520471002025,0.0,0.581268917259184,0.533011272141707
w7,40,0.0,,1.0,
w7,47,0.0,0.0,0.5555555555555562,0.8333333333333334
w7,29,0.0,0.0,1.0,1.0
w7,36,0.2909647223991755,0.0,0.8517659098885452,0.721385989048043
w7,5,0.0,0.0,1.0,1.0
w7,7,0.0,0.0,0.38427455907139574,0.5478927203065135
w7,22,0.2807420370880065,0.0,1.0,1.0
w7,8,0.0022106207446370707,0.0,1.0,1.0
w7,2,0.0,0.0,1.0,1.0
w7,17,0.0012167029946226204,0.0,1.0,1.0
w7,19,0.0012167029946210661,,1.0,
w7,38,0.1623935672217074,,1.0,
w7,45,0.2042745136830113,,0.5928868848094594,
w7,6,0.0,0.0,0.8750000000000001,1.0
w7,11,0.0,0.0,1.0,1.0
w7,43,0.21965336411209502,,0.7982069693062754,
w7,13,0.19334061373176192,0.0,1.0,1.0
w7,28,0.0,,1.0,
w7,35,0.141448998554615,0.0,1.0,1.0
w7,48,0.0,0.0,1.0,1.0
w8,2,0.0,0.0,0.6316509067730488,0.6666666666666666
w8,6,0.0,0.0,0.6666666666666666,0.6666666666666666
w8,8,0.0,0.0,0.6666666666666627,0.6666666666666666
w8,15,0.0,0.0,0.6464646464646463,0.6464646464646464
w8,22,0.0,0.0,0.6666666666666667,0.6666666666666666
w8,24,0.004139570321722186,0.0,1.0,1.0
w8,29,0.0,0.0,0.7040954095409542,0.7045454545454546
w8,33,0.022553320223870243,0.0,0.7083679977814747,0.7064393939393939
w8,36,0.0,0.0,0.666666666666667,0.6666666666666666
w8,42,0.0,0.0,0.6458333333333334,0.6458333333333334
w8,45,0.0001512127260635543,0.0,0.6666666666666667,0.6666666666666666
w8,49,0.00023761999809901457,0.0,0.9374999999999999,0.9375
w8,11,0.0,0.0,0.7381153985288624,0.7490947368421053
w8,13,1.1102230246251565e-16,0.0,0.7454227370160061,0.7557614035087719
w8,20,0.009242121816972038,0.0,1.0,0.9977168949771689
w8,23,0.0,0.0,0.8,0.8
w8,30,0.0,0.0,0.7666666666666665,0.7666666666666666
w8,4,0.17899592427735167,0.0,0.7868569625087052,0.7699999999999999
w8,5,0.0,0.0,0.5133475717230954,0.8952
w8,7,0.0,0.0,0.4450637123661256,0.4960032894736842
w8,10,0.4999999999999106,0.0,0.7201998334721086,0.7015515018607124
w8,14,0.0,0.0,0.8833333333333333,0.8833333333333334
w8,18,0.24301550166763586,0.0,0.7885051719946835,0.4572246089110591
w8,19,0.29851481721857465,0.0,0.5421432867091593,0.4996795321637427
w8,25,0.0,0.0,0.6404480142572495,0.6890947368421052
w8,27,0.31795258363869705,0.0,0.777216199699434,0.7531328320802005
w8,28,0.0,0.0,0.3205879483630104,0.7499416433239957
w8,38,0.39888900740590394,0.0,0.6920578411041247,0.6702698444322042
w8,44,0.0,0.0,1.0,1.0
w8,47,0.0,0.0,0.7500000000000001,0.75
w8,31,0.005168565821942472,0.0,1.0,1.0
w8,0,0.0,0.0,0.8999999999999999,0.9
w8,9,0.0,0.0,0.8999999999999998,0.9
w8,21,-2.220446049250313e-16,0.0,1.0,1.0
w8,26,0.17486468081159423,0.0,1.0,1.0
w8,34,0.0,,1.0,
w8,40,0.0,,0.5000000000000001,
w8,43,0.49999999999977773,,0.6298817594374907,
w8,48,0.5988828092875205,0.0,0.5730919825008847,0.947830871130105
w8,1,0.16278458640378346,0.0,0.8030085298977595,0.8972222222222221
w8,3,0.34279167641213526,0.0,0.8795100432287708,0.756457960644007
w8,16,0.0,,1.0,
w8,37,0.20853387490874398,,1.0,
w8,41,0.0,,1.0,
w8,12,0.41266426731617467,0.0,1.0,1.0
w8,17,0.0,,1.0,
w8,32,0.0,,1.0,
w8,39,0.00784847531082622,,1.0,
w8,46,0.0,,1.0,
w9,0,0.0,0.0,0.25,0.5277777777777778
w9,1,0.0,0.0,0.9999999999999997,1.0
w9,2,0.0,0.0,0.8613669919996811,0.5984848484848485
w9,4,0.0,0.0,0.7324117166681962,0.7777777777777778
w9,5,0.0,0.0,0.9999999999999999,1.0
w9,8,0.0,0.0,0.4718780897169677,0.7
w9,13,0.0,0.0,0.9999999999999999,1.0
w9,14,0.0,0.0,0.796296296296297,0.7962962962962963
w9,22,0.0,0.0,0.603793287064196,0.7999999999999999
w9,23,0.0,0.0,1.0,1.0
w9,32,0.0,0.0,0.557247782357834,0.5982098102398855
w9,36,0.0,0.0,0.5570880892036839,1.0
w9,39,0.1284157747037592,0.0,0.726601470261259,0.6480371348792401
w9,41,0.0,0.0,0.7407407407407408,0.7407407407407408
w9,44,0.0,0.0,0.8666666666666663,0.8666666666666667
w9,45,0.0277777777777779,0.0,0.7812500000000001,0.7819148936170213
w9,46,0.0,0.0,1.0,1.0
w9,47,0.0,0.0,0.6340151234505191,0.7019632414369257
w9,48,9.784352862907131e-05,0.0,0.7812500000000001,0.78125
w9,11,0.0,0.0,0.7387079842329276,0.6923076923076924
w9,20,0.011821318603103648,0.0,0.875,0.8764705882352941
w9,6,0.0,0.0,0.22959136463606294,0.6125
w9,16,0.0002216680520921166,0.0,1.0,1.0
w9,24,0.0,0.0,0.48763093058325874,0.5328042328042327
w9,25,0.0,0.0,0.7325770312054563,0.7
w9,28,0.23430248257082897,0.0,0.6591346171521762,0.9218749999999999
w9,29,0.3236900585624115,0.0,0.833756684761842,0.7462891462891462
w9,43,0.0,0.0,0.9999999999999991,1.0
w9,12,0.0,0.0,0.5,1.0
w9,15,0.19162450584471546,0.0,0.5507997712135905,0.5870175438596491
w9,19,1.1102230246251565e-16,0.0,0.6039496995184287,0.6052410901467506
w9,27,0.0,0.0,1.0,1.0
w9,33,-2.220446049250313e-16,0.0,1.0,1.0
w9,35,0.06332829863314193,,1.0,
w9,7,0.0,0.0,0.5,0.6666666666666666
w9,49,0.0,0.0,1.0,1.0
w9,3,0.0,0.0,1.0,1.0
w9,9,0.0617347858556464,0.0,1.0,1.0
w9,10,0.0,,1.0,
w9,17,0.3776348639065661,,1.0,
w9,18,0.22876433717911748,0.0,1.0,1.0
w9,30,0.0,,1.0,
w9,31,0.0,,1.0,
w9,34,0.32059760735181086,,1.0,
w9,38,0.37045212826782914,0.0,1.0,1.0
w9,42,0.47249855600136526,,1.0,
w9,37,0.005980196469805521,0.0,1.0,1.0
w10,3,0.0001512127260631102,0.0,0.8499999999999998,0.85
w10,8,0.0,0.0,0.5480867051183422,0.5972222222222222
w10,11,0.0,0.0,0.5925925925925928,0.5925925925925927
w10,14,0.0002376199980991256,0.0,0.9,0.9
w10,16,0.01799964374777352,0.0,0.59375,0.5957207207207207
w10,28,4.0569267968249e-05,0.0,0.75,0.75
w10,33,0.02083333333333337,0.0,0.5937500000000001,0.5960526315789474
w10,40,0.0,0.0,0.7857142857142856,0.7857142857142857
w10,43,0.0,0.0,0.6190476190476192,0.619047619047619
w10,48,0.0,0.0,0.6031746031746031,0.6031746031746031
w10,49,0.02181144956463843,0.0,0.6875000000000001,0.6840659340659341
w10,4,0.0,0.0,0.95,0.95
w10,9,0.07874129147135323,0.0,0.8095238095238093,0.8150851581508516
w10,22,0.0,0.0,0.5608581654143752,0.9142857142857143
w10,26,0.11881643965979971,0.0,0.7504705995551192,0.6691358024691357
w10,29,0.0,0.0,0.8499999999999995,0.85
w10,34,0.0,0.0,0.43396141919232706,0.8285714285714286
w10,35,0.0,0.0,0.8399999999999997,0.8400000000000001
w10,44,0.0,0.0,0.8250000000000003,0.825
w10,1,0.36747892039064034,0.0,0.7355043518978075,0.9104166666666667
w10,18,0.0,0.0,0.7621820774899029,0.8928571428571429
w10,19,0.0,0.0,0.9999999999999999,1.0
w10,25,0.0,0.0,0.8399999999999999,0.8400000000000001
w10,32,0.0,0.0,0.719721418144613,1.0
w10,36,0.5454545454545454,0.0,0.7716814871854091,0.6722783389450057
w10,41,0.0,0.0,0.7338762490449644,0.90625
w10,45,0.0,0.0,0.7500000001339213,1.0
w10,5,0.2184395088530261,0.0,0.6121521242679682,0.9044943820224719
w10,7,0.0,0.0,0.714285714285715,0.7142857142857143
w10,21,0.0,0.0,0.6778606965174129,0.6785714285714286
w10,31,0.0,0.0,0.6582800284292823,0.6571428571428571
w10,39,1.1102230246251565e-16,0.0,0.8499999999999996,0.85
w10,12,0.0,0.0,0.7517453577315847,0.9047619047619048
w10,13,0.0,0.0,0.5000292214057116,0.9
w10,46,0.0,0.0,0.7324467940694208,1.0
w10,2,0.0,0.0,1.0,1.0
w10,23,0.0,,1.0,
w10,30,0.002429678795020318,0.0,1.0,1.0
w10,47,0.1662642016002801,0.0,0.8860165447050886,0.8700663894360546
w10,15,0.0,,0.532813482964559,
w10,17,0.0,0.0,0.8234326635938465,0.859375
w10,24,0.0,0.0,1.0,1.0
w10,37,0.0,0.0,1.0,1.0
w10,38,0.0,,0.8828039013290274,
w10,0,0.0,0.0,1.0,1.0
w10,6,0.0,0.0,1.0,1.0
w10,10,0.0,0.0,1.0,1.0
w10,20,0.2168426212848158,0.0,1.0,1.0
w10,27,0.5424395072839696,,1.0,
w10,42,0.0,,1.0,
w11,2,0.0,0.0,0.6336780006791056,0.5967078189300411
w11,3,0.19293975794215223,0.0,0.6279811468707794,0.6054347826086958
w11,6,0.01263498643738159,0.0,1.0,1.0
w11,7,0.0,0.0,0.5834410525751371,0.5982905982905983
w11,12,0.09310190527825524,0.0,1.0,1.0
w11,16,0.0,0.0,0.6362098272973004,0.6520030234315948
w11,18,0.0,0.0,0.6065578744934899,0.6223665223665223
w11,19,0.013333333333333863,0.0,1.0,1.0
w11,46,0.0,0.0,0.6099249602441966,0.6274170274170274
w11,48,8.316699933519356e-05,0.0,0.9374999999999999,0.9375
w11,23,0.011111111111111294,0.0,1.0,1.0
w11,24,0.0,0.0,0.33525590875938355,0.8166666666666667
w11,47,0.007720191800307252,0.0,1.0,1.0
w11,10,0.15183074710793432,0.0,1.0,1.0
w11,26,0.00035595633602270027,0.0,1.0,1.0
w11,45,0.14917509613541313,0.0,1.0,0.9254237288135594
w11,5,3.7803181515694284e-05,0.0,1.0,1.0
w11,25,0.1842134427657306,0.0,1.0,1.0
w11,28,0.48099332379039894,0.0,0.7262833107006004,0.6865263935031376
w11,29,0.0,0.0,0.49406096920339043,0.7606625258799171
w11,32,0.24785085191043676,0.0,1.0,1.0
w11,34,0.0,0.0,0.3381216596739827,0.6417285360746241
w11,38,0.28355921361178094,0.0,1.0,1.0
w11,40,0.0019444335782307087,,1.0,
w11,41,0.0,0.0,0.3441779755129906,0.9870841487279842
w11,42,0.5011023236395874,0.0,1.0,1.0
w11,0,0.0,0.0,1.0,1.0
w11,35,2.8192203164412177e-05,0.0,1.0,1.0
w11,36,0.11527450150204643,0.0,1.0,1.0
w11,1,0.21210870011223792,0.0,1.0,1.0
w11,13,0.32028361081560064,0.0,1.0,1.0
w11,15,0.4999998577299066,0.0,1.0,1.0
w11,17,0.0,,1.0,
w11,20,0.0657916281036991,0.0,1.0,1.0
w11,21,0.02000000000000013,0.0,1.0,1.0
w11,31,0.2819404164600525,0.0,1.0,1.0
w11,33,0.36456607022761356,0.0,1.0,1.0
w11,37,0.0,,1.0,
w11,39,0.0,,1.0,
w11,44,0.0,,1.0,
w11,30,2.0040240803487208e-05,0.0,1.0,1.0
w11,4,0.0010240563050605278,0.0,1.0,1.0
w11,8,0.5355402011352752,0.0,1.0,1.0
w11,9,0.0,,1.0,
w11,11,0.2500917733370167,,1.0,
w11,14,0.004750589732957389,0.0,1.0,1.0
w11,22,0.0,,1.0,
w11,27,-2.220446049250313e-16,,1.0,
w11,43,0.44567369811499735,,1.0,
w11,49,0.0001308244933353464,0.0,1.0,1.0
w12,2,0.1429891273029824,0.0,1.0,1.0
w12,7,0.0,0.0,1.0,1.0
w12,14,0.024869328558246973,0.0,1.0,1.0
w12,21,0.13086989127025161,0.0,0.5806736951151396,0.5474254742547425
w12,29,2.8192203164412177e-05,0.0,0.7222222222222222,0.7222222222222222
w12,32,0.021616311536471033,0.0,1.0,1.0
w12,35,0.0,0.0,0.6767326732673273,0.6777777777777778
w12,39,0.5714285714281682,,0.4229035126182197,
w12,20,0.003648558738379104,0.0,1.0,1.0
w12,16,0.0,0.0,1.0,1.0
w12,19,0.1592075589087384,0.0,1.0,1.0
w12,41,2.8192203164190133e-05,0.0,1.0,1.0
w12,48,0.012526387554109841,0.0,1.0,1.0
w12,38,0.011551609424828357,0.0,1.0,1.0
w12,49,0.0042346999989091305,0.0,1.0,1.0
w12,0,0.0029761904761906877,0.0,1.0,1.0
w12,4,0.1396983810157464,0.0,1.0,1.0
w12,5,0.028984554895695513,0.0,1.0,1.0
w12,22,0.275835598229087,0.0,1.0,1.0
w12,24,0.020754102220798654,0.0,1.0,1.0
w12,44,0.46193056358704765,0.0,0.7220533731093958,1.0
w12,8,3.7803181515694284e-05,0.0,1.0,1.0
w12,12,0.2686849405933389,0.0,1.0,1.0
w12,37,0.0,,1.0,
w12,42,0.0,,0.5004202405145439,
w12,47,0.0,,1.0,
w12,6,0.49999999999998235,0.0,0.5952983290966509,1.0
w12,9,0.0,,1.0,
w12,18,0.02000000000000013,0.0,1.0,1.0
w12,30,0.296517861692266,0.0,1.0,1.0
w12,31,0.2645188934466194,0.0,1.0,1.0
w12,33,0.6666666666513492,,1.0,
w12,40,0.018697173554126256,0.0,1.0,1.0
w12,43,0.018697173554126256,0.0,1.0,1.0
w12,45,0.5714285714285641,,1.0,
w12,1,0.5876658017498586,0.0,1.0,1.0
w12,3,0.6846096921236524,,1.0,
w12,10,0.0,,1.0,
w12,11,0.007217150872477429,,1.0,
w12,13,0.6658687630408213,,1.0,
w12,15,0.016393442622950727,0.0,1.0,1.0
w12,17,0.3258273021236271,,1.0,
w12,23,0.0,,1.0,
w12,25,0.6119353982874935,,1.0,
w12,26,0.0,,1.0,
w12,28,0.0,,1.0,
w12,36,5.7356551265264066e-05,0.0,1.0,1.0
w12,46,0.33823007402515437,0.0,1.0,1.0
w12,27,0.032322059999850494,0.0,1.0,1.0
w12,34,0.11123544157476295,0.0,1.0,1.0
w13,8,0.0,0.0,0.6594727563615,0.7222222222222222
w13,19,0.0060606060606061,0.0,1.0,1.0
w13,23,1.8689213333700216e-05,0.0,1.0,1.0
w13,36,0.006060606060605989,0.0,1.0,1.0
w13,49,0.00026828064301553933,0.0,0.7187499999999997,0.71875
w13,6,0.0,0.0,0.7249999999999991,0.725
w13,11,5.7356551265264066e-05,0.0,1.0,1.0
w13,28,0.0,0.0,0.7187499999999991,0.71875
w13,17,0.0011871681473653029,0.0,1.0,1.0
w13,35,-2.220446049250313e-16,0.0,1.0,1.0
w13,2,0.00014028168562474352,0.0,1.0,1.0
w13,18,0.0,0.0,0.9541186276451692,0.925925925925926
w13,22,0.02161631153647081,0.0,1.0,1.0
w13,43,2.0040240804153342e-05,0.0,1.0,1.0
w13,3,0.43005573205663905,0.0,1.0,1.0
w13,9,0.022222222222222365,0.0,1.0,1.0
w13,12,-2.220446049250313e-16,0.0,1.0,1.0
w13,16,0.42803478764946323,0.0,1.0,1.0
w13,26,0.35633358292722783,0.0,0.5375920220592707,1.0
w13,27,0.0,,1.0,
w13,29,0.018866133980732447,0.0,1.0,1.0
w13,33,0.0,0.0,1.0,1.0
w13,34,0.032515613933424725,0.0,0.8181818181818171,0.8356060606060606
w13,39,0.2753222790435811,0.0,1.0,1.0
w13,40,0.4456451443046321,,1.0,
w13,13,0.023928333808573177,0.0,1.0,1.0
w13,15,0.5769344459065717,0.0,1.0,1.0
w13,32,0.5992604338204303,0.0,1.0,1.0
w13,38,0.25596353536839767,0.0,0.8438446667922185,0.598049207139739
w13,42,0.10378443609865562,0.0,1.0,1.0
w13,48,0.16495692681226581,0.0,1.0,1.0
w13,7,0.07526381755558786,0.0,1.0,1.0
w13,24,0.3976830237794792,0.0,0.7824609362767007,1.0
w13,45,0.018697173554126145,0.0,1.0,1.0
w13,0,0.21347236888652066,0.0,1.0,1.0
w13,4,0.0,0.0,1.0,1.0
w13,5,0.0,0.0,1.0,1.0
w13,10,0.26086115960699285,0.0,1.0,1.0
w13,14,0.5714285714285714,0.0,1.0,1.0
w13,21,0.04029697806034027,0.0,1.0,1.0
w13,25,0.7902143675012916,0.0,1.0,1.0
w13,37,0.37380233333571966,0.0,1.0,1.0
w13,46,0.0382775699639788,0.0,1.0,1.0
w13,1,0.09524116008765404,0.0,1.0,1.0
w13,20,0.0,0.0,1.0,1.0
w13,30,0.06081879089400044,0.0,1.0,1.0
w13,31,0.052156068162926617,0.0,1.0,1.0
w13,41,0.05132489924653494,,1.0,
w13,44,0.3806522721979788,0.0,1.0,1.0
w13,47,0.4063245001902561,,1.0,
w14,0,0.0,0.0,0.6954394693200663,0.6944444444444444
w14,19,0.02779231746297639,0.0,1.0,1.0
w14,21,0.05549504922738824,0.0,1.0,1.0
w14,23,0.0,0.0,0.9722222222222224,0.9722222222222222
w14,29,0.0,0.0,0.7357535008580691,0.7908496732026143
w14,30,0.0,0.0,0.7222222222222222,0.7222222222222222
w14,38,0.0,0.0,0.7307692307692307,0.7307692307692307
w14,46,0.0,0.0,0.7166666666666667,0.7166666666666667
w14,48,0.12595559868405493,0.0,0.9782608695652174,0.9849284099472494
w14,3,0.6942004472145922,0.0,0.918604651162791,0.9419252187748607
w14,8,0.004870670095295293,0.0,0.725,0.7238636363636364
w14,17,0.0,0.0,0.7099191542288557,0.709375
w14,4,0.0,0.0,1.0,1.0
w14,10,0.0,0.0,0.6461731281049466,0.8935185185185185
w14,12,0.0,0.0,0.333333333343895,0.6912306558585114
w14,15,0.0,0.0,0.5142092011003867,0.918918918918919
w14,22,0.0,0.0,1.0,1.0
w14,24,0.1761370305307668,0.0,1.0,1.0
w14,27,0.0066006600660065695,0.0,1.0,1.0
w14,28,0.08928346301190959,0.0,1.0,1.0
w14,33,0.0892247949340762,0.0,1.0,1.0
w14,34,0.5,,1.0,
w14,39,0.3713464466725409,0.0,0.4384870254778267,0.6594454199590282
w14,45,0.0,0.0,1.0,1.0
w14,47,0.0,0.0,0.7854545454545455,0.8188113183473006
w14,6,0.0,0.0,0.9732142857142858,0.9732142857142857
w14,11,0.030434782608695587,0.0,1.0,1.0
w14,25,0.013071999237599052,0.0,1.0,1.0
w14,36,0.08044454082960262,0.0,1.0,1.0
w14,1,0.0,0.0,0.8160377358490568,0.8160377358490566
w14,5,0.0651872921862009,0.0,0.6413043478260868,0.6327102803738318
w14,13,0.21962044165636962,0.0,1.0,1.0
w14,31,0.0,0.0,0.5000000034559656,1.0
w14,32,0.22437838608497285,0.0,1.0,1.0
w14,42,0.033920738163666364,0.0,1.0,1.0
w14,18,0.10284365293550946,0.0,1.0,1.0
w14,20,0.28327137235371724,0.0,1.0,1.0
w14,35,0.40581396810344117,0.0,0.8949606120621642,1.0
w14,41,0.08319789097947516,,1.0,
w14,7,0.23068838806807335,0.0,1.0,1.0
w14,40,0.0,0.0,0.59375,0.59375
w14,43,0.0,0.0,0.59375,0.59375
w14,2,0.18399858465709895,0.0,1.0,1.0
w14,9,0.26467894225748734,0.0,1.0,1.0
w14,14,0.3233230817403203,,1.0,
w14,16,0.49998249277221307,,1.0,
w14,26,0.09940994753796062,0.0,1.0,1.0
w14,44,0.4765545116077087,,1.0,
w14,37,2.004024080404232e-05,0.0,1.0,1.0
w14,49,0.0,0.0,1.0,1.0
w15,14,0.0,0.0,0.5555555555560636,0.7084745762711864
w15,18,0.008333333333333304,0.0,1.0,1.0
w15,20,0.07341832625475864,0.0,0.9261739678537664,0.954868154158215
w15,35,0.0,0.0,0.6423508819717116,0.661935763888889
w15,48,0.05719038114247699,0.0,1.0,1.0
w15,28,0.033440526354698075,0.0,1.0,1.0
w15,12,0.0,0.0,1.0,1.0
w15,16,0.0,0.0,0.34882617030148744,0.9487179487179487
w15,27,0.028619230622983216,0.0,1.0,1.0
w15,31,0.0,0.0,0.9705882352941178,0.9705882352941176
w15,41,0.0,0.0,0.9558823529411764,0.9558823529411765
w15,42,0.010526315789473606,0.0,1.0,1.0
w15,7,0.051584858569051484,0.0,1.0,1.0
w15,26,0.003887287154594521,0.0,1.0,1.0
w15,30,0.0,0.0,1.0,1.0
w15,46,0.007058823529411673,0.0,1.0,1.0
w15,47,0.0,,0.5005227280327784,
w15,10,0.23774478566313073,0.0,1.0,1.0
w15,17,0.2786304232687544,0.0,1.0,1.0
w15,21,0.0,,1.0,
w15,22,0.0,,1.0,
w15,23,0.0,,1.0,
w15,33,0.10877223654365431,,1.0,
w15,39,0.0,,1.0,
w15,40,0.23906108530853087,0.0,1.0,1.0
w15,43,0.11772619930672668,0.0,1.0,1.0
w15,49,0.0,,1.0,
w15,2,0.0,0.0,1.0,1.0
w15,13,0.0,0.0,1.0,1.0
w15,15,0.5714285714285205,0.0,1.0,1.0
w15,34,0.0527923193504809,0.0,1.0,1.0
w15,45,0.13563505300632217,0.0,1.0,1.0
w15,1,4.0569267967915934e-05,0.0,1.0,1.0
w15,3,0.5360941747715338,0.0,1.0,1.0
w15,6,0.021224754990891492,,1.0,
w15,11,0.0,,1.0,
w15,19,0.18614417082982226,0.0,1.0,1.0
w15,32,0.0,0.0,0.5095969069014322,1.0
w15,36,0.4774625272064773,0.0,1.0,1.0
w15,38,0.444888532825349,,1.0,
w15,44,0.4604704580218332,0.0,1.0,1.0
w15,0,0.45367365834804185,0.0,1.0,1.0
w15,4,0.19195358533678664,0.0,1.0,1.0
w15,5,0.0,,1.0,
w15,8,2.220446049250313e-16,0.0,1.0,1.0
w15,9,0.0,,1.0,
w15,24,0.0,,1.0,
w15,25,0.0,,1.0,
w15,29,0.028586551593169807,0.0,1.0,1.0
w15,37,2.0040240803709253e-05,0.0,1.0,1.0
w16,14,0.0,0.0,0.9583333333333333,0.9583333333333334
w16,25,0.5,0.0,0.38189327260032135,0.6994287634408601
w16,31,0.0,0.0,0.9779411764705883,0.9779411764705882
w16,38,0.0,0.0,1.0,1.0
w16,46,0.15310790240022665,0.0,1.0,1.0
w16,48,0.0,0.0,0.8912230922355815,0.9428200129954514
w16,4,0.0,0.0,1.0,1.0
w16,5,0.23197374045648145,0.0,1.0,1.0
w16,6,0.02000000000000013,0.0,1.0,1.0
w16,26,0.0,0.0,0.9305555555555556,0.9305555555555556
w16,27,0.3195241961421026,,1.0,
w16,37,0.6923076923076923,0.0,0.5669954219123167,0.9903846153846154
w16,18,0.0,0.0,0.9,0.9
w16,28,0.16983507732010705,0.0,1.0,1.0
w16,16,0.14004752399961973,0.0,1.0,1.0
w16,11,0.0,0.0,0.5,0.5058823529411766
w16,24,0.0,0.0,0.5,1.0
w16,29,0.0,0.0,1.0,1.0
w16,30,0.2163811765795406,0.0,1.0,1.0
w16,32,0.5971067712854096,,1.0,
w16,33,0.11777382285567517,0.0,1.0,1.0
w16,45,0.0,,1.0,
w16,49,0.13846130631007603,0.0,1.0,1.0
w16,10,0.15468356216859191,0.0,1.0,1.0
w16,19,0.00035595633602170107,0.0,1.0,1.0
w16,2,0.0587127502575443,0.0,1.0,1.0
w16,9,0.0,0.0,1.0,1.0
w16,12,0.0,,1.0,
w16,15,0.6428571428571428,0.0,1.0,1.0
w16,17,0.4459048042267836,0.0,1.0,1.0
w16,41,0.4960964213461345,0.0,1.0,1.0
w16,3,0.5564911402659173,0.0,1.0,1.0
w16,13,0.12241494914243001,0.0,0.6954635509644642,1.0
w16,20,0.13678500121184545,0.0,1.0,1.0
w16,1,0.33754120476752836,0.0,1.0,1.0
w16,8,0.5454545454545454,,1.0,
w16,22,0.5714285714285714,,1.0,
w16,34,0.4285714285714286,,1.0,
w16,36,0.5714714468168813,,1.0,
w16,39,0.5,,1.0,
w16,40,0.12241494914242157,,1.0,
w16,42,0.018697173554126256,0.0,1.0,1.0
w16,44,0.31435431490701204,,1.0,
w16,47,0.3931160156435103,,1.0,
w16,0,0.0,0.0,1.0,1.0
w16,23,0.02000000000000013,0.0,1.0,1.0
w16,35,0.49997549452194556,,1.0,
w16,43,0.18099201336488702,0.0,1.0,1.0
w17,6,0.14475406252280565,0.0,1.0,1.0
w17,9,1.1102230246251565e-16,0.0,0.22593504459100597,0.7412634408602151
w17,34,0.0010203470351913824,0.0,1.0,1.0
w17,35,0.0,0.0,0.9940368488059398,1.0
w17,36,0.0,0.0,0.9999999999999998,1.0
w17,39,0.0,0.0,0.3333333333333333,1.0
w17,41,0.0,,1.0,
w17,5,0.0,0.0,1.0,1.0
w17,19,0.03774840791385603,0.0,1.0,1.0
w17,38,0.49999999999999833,,1.0,
w17,11,0.0,0.0,0.5203105934553525,0.9464285714285714
w17,15,0.04400000000000137,0.0,1.0,1.0
w17,32,0.0,,1.0,
w17,7,0.44033484729385364,0.0,1.0,1.0
w17,10,0.031260465941322146,0.0,1.0,1.0
w17,14,0.031260465941323035,,1.0,
w17,17,0.4999999999999981,,1.0,
w17,33,0.0,0.0,1.0,1.0
w17,44,0.07619371952558218,0.0,1.0,1.0
w17,4,0.3676356304370314,0.0,1.0,1.0
w17,8,0.0,,1.0,
w17,13,0.28107934085741615,0.0,1.0,1.0
w17,29,0.42755873524317,0.0,1.0,1.0
w17,45,0.49436439309333524,,1.0,
w17,47,0.08507990167358614,,1.0,
w17,49,0.1368591719579283,,1.0,
w17,2,0.0,0.0,1.0,1.0
w17,12,0.4444444444444443,0.0,1.0,1.0
w17,43,0.046727635728081474,0.0,1.0,1.0
w17,3,0.008888914352659816,0.0,1.0,1.0
w17,18,0.5,0.0,0.5000003944113957,0.7888888888888888
w17,27,0.13355452089388742,,0.5914532709876608,
w17,31,0.4444444444444444,0.0,1.0,1.0
w17,37,0.010906579274669759,0.0,1.0,1.0
w17,0,0.4362601688629695,0.0,1.0,1.0
w17,16,0.4444444444444444,0.0,1.0,1.0
w17,20,0.0,,1.0,
w17,21,0.07673402323033207,,1.0,
w17,22,0.4922862986727816,0.0,1.0,1.0
w17,23,0.19317453901369974,0.0,1.0,1.0
w17,24,0.5132573366572579,,1.0,
w17,25,0.4999999999999737,,1.0,
w17,28,0.4316062473914607,,1.0,
w17,30,0.0,0.0,1.0,1.0
w17,40,0.0,,1.0,
w17,46,0.3028183909955835,,1.0,
w17,1,0.0,0.0,1.0,1.0
w17,42,0.4578775683796661,0.0,1.0,1.0
w17,48,0.018364295068589387,0.0,1.0,1.0
w18,4,0.5798245589884812,0.0,0.5903223849669611,1.0
w18,11,0.0,0.0,0.8776357941419717,0.9444444444444444
w18,16,0.21296989539444655,0.0,1.0,1.0
w18,18,0.4999999999999396,0.0,0.38847919799056907,0.4115236278872642
w18,43,0.2668179722913968,0.0,1.0,1.0
w18,44,0.0,0.0,1.0,1.0
w18,48,0.4201289980796613,0.0,0.6036417630163491,0.5
w18,49,0.42517160710259516,,1.0,
w18,5,0.0,0.0,0.9166666666666667,0.9166666666666666
w18,7,0.1949280840636365,0.0,1.0,1.0
w18,28,0.0,0.0,0.9411764705882354,0.9411764705882353
w18,8,0.039307575147708995,0.0,0.6716926167096166,0.7175469483568074
w18,25,0.19161977412564413,0.0,1.0,1.0
w18,32,0.0,0.0,0.7294250813400729,1.0
w18,23,0.164773394387695,0.0,1.0,1.0
w18,29,0.1720319777112439,0.0,1.0,1.0
w18,15,0.1720319777112439,0.0,1.0,1.0
w18,9,0.5665218822062349,0.0,1.0,1.0
w18,13,0.41027484071948683,0.0,1.0,1.0
w18,19,0.34496292482671687,,1.0,
w18,22,0.0,0.0,1.0,1.0
w18,31,0.5665218822062394,,1.0,
w18,33,0.5478870354701744,,1.0,
w18,34,0.3311809688313647,,1.0,
w18,42,0.5714285714285712,0.0,0.6589714785243459,0.852439495062646
w18,0,0.0,0.0,1.0,1.0
w18,1,0.1747202947294907,0.0,1.0,1.0
w18,6,0.0,0.0,1.0,1.0
w18,10,0.2597297924242745,0.0,1.0,1.0
w18,12,0.0,,1.0,
w18,20,0.0,0.0,0.9154432602353384,1.0
w18,21,0.28095025887174163,0.0,1.0,1.0
w18,36,0.40777775203333766,,1.0,
w18,38,0.22259998142857562,,1.0,
w18,40,0.3966111707528176,,1.0,
w18,41,0.5972463303219684,,1.0,
w18,46,0.3680348311452869,,1.0,
w18,2,0.045608027307901366,0.0,1.0,1.0
w18,3,0.21439062233229655,0.0,1.0,1.0
w18,17,0.2888461697959541,0.0,1.0,1.0
w18,26,0.045608027307909804,,1.0,
w18,30,0.6438261718519337,,1.0,
w18,37,0.0,,0.7112372877047812,
w18,14,0.0,0.0,1.0,1.0
w18,24,0.3772718564094152,0.0,1.0,1.0
w18,35,0.0,,1.0,
w18,39,-2.220446049250313e-16,,1.0,
w18,45,0.0,0.0,1.0,1.0
w18,47,0.27802365787697847,0.0,1.0,1.0
w19,5,0.0,0.0,0.74,0.8222222222222222
w19,12,0.5555555555555556,0.0,0.36186937428895183,0.7693189201961133
w19,14,0.5415668250828058,0.0,1.0,1.0
w19,16,0.0,0.0,0.3630245327292764,0.6182298593559303
w19,19,0.49999999999949907,,1.0,
w19,25,0.0,0.0,0.8052963615373229,0.8101051397303107
w19,31,0.0,0.0,0.7652014109319168,0.6886304909560724
w19,34,0.46163246879733966,0.0,0.8191703050701152,0.3244448140833386
w19,38,0.3806527561155244,0.0,0.6201230173432224,0.3748298837307342
w19,41,0.0,0.0,0.8725997481441741,0.7878926253302455
w19,48,0.1129187685522467,,1.0,
w19,4,0.5890268901343838,0.0,1.0,1.0
w19,7,0.2901922152030739,0.0,1.0,1.0
w19,9,0.21365692854976448,0.0,1.0,1.0
w19,10,0.7176483154414579,,1.0,
w19,11,0.5714285714284753,,1.0,
w19,47,0.30193496065650705,,1.0,
w19,1,0.485750362811848,0.0,1.0,1.0
w19,8,0.26482416999328284,0.0,1.0,1.0
w19,24,0.4285714285714286,,1.0,
w19,28,0.0,,1.0,
w19,39,0.0,,1.0,
w19,45,0.0,,0.5,
w19,13,0.3266065221091864,0.0,1.0,1.0
w19,33,0.13613990230401307,0.0,1.0,1.0
w19,36,0.0,,1.0,
w19,43,0.0,0.0,0.9387382371834146,1.0
w19,3,0.0,0.0,0.5000000000000026,1.0
w19,32,0.3063827253259236,0.0,1.0,1.0
w19,35,0.0,0.0,0.5992854680642895,0.6790540179975734
w19,20,0.0,0.0,0.9999999999997115,0.8999999999999999
w19,23,0.28405664049986723,0.0,1.0,1.0
w19,44,0.29634456285458066,0.0,1.0,1.0
w19,0,0.6291890075609079,0.0,1.0,1.0
w19,6,0.0,,1.0,
w19,17,0.2481958445102621,0.0,1.0,1.0
w19,18,0.0,,1.0,
w19,21,0.37471364760876114,0.0,1.0,1.0
w19,22,0.2462447002760082,,1.0,
w19,26,0.5104485581891853,,1.0,
w19,27,0.29341960044594273,,1.0,
w19,46,0.40943765429387025,,1.0,
w19,49,0.0,,1.0,
w19,15,0.22967123466335548,0.0,1.0,1.0
w19,29,0.4782553676937924,0.0,1.0,1.0
w19,30,0.3301334839584804,0.0,1.0,1.0
w19,37,0.5723681732806326,0.0,1.0,1.0
w19,40,0.0,,1.0,
w19,42,0.28742667898497387,,1.0,
w20,16,0.0,0.0,0.5010474075685616,0.9210526315789473
w20,17,0.0,0.0,0.7980769230769232,0.798076923076923
w20,19,0.0,0.0,0.8090762442517372,0.8
w20,22,0.0,0.0,0.840277777777778,0.8402777777777778
w20,30,0.0,0.0,1.0,1.0
w20,31,0.0,0.0,0.8472222222222222,0.8472222222222222
w20,32,0.0,0.0,0.38708065018996296,0.6044784580498865
w20,38,0.0,0.0,0.9166666666666667,0.9166666666666666
w20,5,0.0,0.0,0.6875,0.6875
w20,26,0.0,0.0,1.0,1.0
w20,4,0.0,0.0,1.0,1.0
w20,43,0.0,0.0,1.0,1.0
w20,23,0.0,0.0,1.0,1.0
w20,28,0.0,,1.0,
w20,33,0.7025054526578571,0.0,1.0,1.0
w20,35,0.14528582428966863,0.0,1.0,1.0
w20,36,0.0,,1.0,
w20,44,0.0,,1.0,
w20,20,0.024089223767732926,0.0,1.0,1.0
w20,24,0.4412974358912026,,1.0,
w20,29,0.0,0.0,1.0,1.0
w20,34,0.0,,1.0,
w20,46,0.0,,0.6244890222116344,
w20,7,0.0,0.0,1.0,1.0
w20,8,0.36576420280399924,0.0,1.0,1.0
w20,9,0.0,,0.3866838813575635,
w20,15,0.4793847092344058,,1.0,
w20,18,0.42631902961161394,0.0,1.0,1.0
w20,25,0.05071250678197792,,1.0,
w20,39,0.12326417169489923,,1.0,
w20,40,0.0,,1.0,
w20,41,0.2807391538074684,,1.0,
w20,42,0.6568159448787134,,1.0,
w20,47,0.6330558677163999,,1.0,
w20,21,0.0,0.0,1.0,1.0
w20,2,0.0,0.0,1.0,1.0
w20,10,0.0,0.0,0.6543701988961694,1.0
w20,12,0.15029585418444413,0.0,1.0,1.0
w20,13,0.5,,1.0,
w20,27,0.058036660252651195,,1.0,
w20,1,0.20918839494358066,0.0,1.0,1.0
w20,3,0.0,0.0,1.0,1.0
w20,11,0.16076329212879426,,1.0,
w20,14,0.0,,1.0,
w20,37,0.12362108105365921,,1.0,
w20,45,0.0,,1.0,
w20,49,0.0,,1.0,
w20,6,0.0,0.0,1.0,1.0
w21,1,5.7356551265153044e-05,0.0,1.0,1.0
w21,44,1.8689213333589194e-05,0.0,1.0,1.0
w21,46,0.00030692499520434957,0.0,1.0,1.0
w21,2,0.2975782683212175,0.0,1.0,1.0
w21,3,0.0,,1.0,
w21,33,0.0018357005795172077,0.0,1.0,1.0
w21,34,0.28694280722836685,,1.0,
w21,42,0.00015121272606299918,0.0,1.0,1.0
w21,45,0.6666666666666504,,1.0,
w21,48,0.4255061551785655,,1.0,
w21,49,0.7422843122947743,,1.0,
w21,4,0.24833412462740034,0.0,1.0,1.0
w21,5,0.0,,1.0,
w21,19,0.02500814227561532,0.0,1.0,1.0
w21,35,0.6428571428435854,,1.0,
w21,36,0.5399854326547279,,1.0,
w21,37,0.44448056236344524,,1.0,
w21,6,0.005813053572964244,0.0,1.0,1.0
w21,20,0.19471386116655576,0.0,1.0,1.0
w21,23,0.0023105304542430094,0.0,1.0,1.0
w21,7,0.1790888748637327,0.0,1.0,1.0
w21,25,1.8689213333589194e-05,0.0,1.0,1.0
w21,8,0.7527317370046502,0.0,1.0,1.0
w21,9,0.0,,1.0,
w21,14,0.34369414775960483,0.0,1.0,1.0
w21,15,0.6633780192732017,,1.0,
w21,16,0.017988391034023943,0.0,1.0,1.0
w21,21,0.49290371814658873,,1.0,
w21,22,0.0,0.0,1.0,1.0
w21,24,0.6176244414559926,,1.0,
w21,26,0.4929037181465883,,1.0,
w21,28,0.5,,1.0,
w21,29,0.0,,1.0,
w21,41,1.1102230246251565e-16,0.0,1.0,1.0
w21,10,4.056926796813798e-05,0.0,1.0,1.0
w21,43,9.784352862896029e-05,0.0,1.0,1.0
w21,11,0.1551683150552825,0.0,1.0,1.0
w21,30,0.090030696983458,0.0,1.0,1.0
w21,12,0.29239915693378193,0.0,1.0,1.0
w21,13,0.42756159662668347,,1.0,
w21,17,0.008053947050953192,0.0,1.0,1.0
w21,18,0.03538543827377927,0.0,1.0,1.0
w21,27,0.07232019337284512,0.0,1.0,1.0
w21,32,0.0,,1.0,
w21,38,0.5555555555555556,,1.0,
w21,39,0.6185570727752192,,1.0,
w21,40,0.5413404431922356,,1.0,
w21,47,0.6185570727751865,,1.0,
w21,0,0.003032088433574609,0.0,1.0,1.0
w21,31,3.7803181515694284e-05,0.0,1.0,1.0
